[
    {
        "_id": "5cd99d4bde30eff6ebccfbe6",
        "height": "198cm (6'6\")",
        "race": "Human",
        "gender": "Male",
        "birth": "March 1 ,2931",
        "spouse": "Arwen",
        "death": "FO 120",
        "realm": "Reunited Kingdom,Arnor,Gondor",
        "hair": "Dark",
        "name": "Aragorn II Elessar",
        "wikiUrl": "http://lotr.wikia.com//wiki/Aragorn_II_Elessar",
        "imgUrl": "https://static.wikia.nocookie.net/lotrfanon/images/e/e7/Elessar_Telcontar.png/revision/latest?cb=20131223135722"
    },
    {
        "_id": "5cd99d4bde30eff6ebccfc07",
        "height": "",
        "race": "Elf",
        "gender": "Female",
        "birth": "TA 241",
        "spouse": "Aragorn II Elessar",
        "death": "FO 121",
        "realm": "Reunited Kingdom",
        "hair": "Black",
        "name": "Arwen",
        "wikiUrl": "http://lotr.wikia.com//wiki/Arwen",
        "imgUrl": "https://c4.wallpaperflare.com/wallpaper/306/29/187/movies-liv-tyler-the-lord-of-the-rings-arwen-undomiel-1280x1024-entertainment-movies-hd-art-wallpaper-preview.jpg"
    },
    {
        "_id": "5cd99d4bde30eff6ebccfc0c",
        "height": "",
        "race": "Hobbit",
        "gender": "Male",
        "birth": "TA 2767",
        "spouse": "Berylla (Boffin) Baggins",
        "death": "TA 2858",
        "realm": "",
        "hair": "",
        "name": "Balbo Baggins",
        "wikiUrl": "http://lotr.wikia.com//wiki/Balbo_Baggins",
        "imgUrl": "https://i.redd.it/72fx53ipzu551.jpg"
    },
    {
        "_id": "5cd99d4bde30eff6ebccfc15",
        "height": "1.06m (3'6\")",
        "race": "Hobbit",
        "gender": "Male",
        "birth": "22 September ,TA 2968",
        "spouse": "",
        "death": "Unknown (Last sighting ,September 29 ,3021,) (,SR 1421,)",
        "realm": "",
        "hair": "Brown",
        "name": "Frodo Baggins",
        "wikiUrl": "http://lotr.wikia.com//wiki/Frodo_Baggins",
        "imgUrl": "https://static.wikia.nocookie.net/lotr/images/5/54/Untitledjk.png/revision/latest?cb=20130313174543"
    },
    {
        "_id": "5cd99d4bde30eff6ebccfea0",
        "height": "",
        "race": "Maiar",
        "gender": "Male",
        "birth": "Before the the Shaping of Arda",
        "spouse": "",
        "death": "January 253019 ,Battle of the Peak immortal",
        "realm": "",
        "hair": "Grey, later white",
        "name": "Gandalf",
        "wikiUrl": "http://lotr.wikia.com//wiki/Gandalf",
        "imgUrl": "https://static.wikia.nocookie.net/lotr/images/e/e7/Gandalf_the_Grey.jpg/revision/latest?cb=20121110131754"
    },
    {
        "_id": "5cd99d4bde30eff6ebccfd81",
        "height": "",
        "race": "Elf",
        "gender": "Male",
        "birth": "",
        "spouse": "",
        "death": "Still alive, departed to ,Aman ,FO 120",
        "realm": "",
        "hair": "Uncertain (book), Blonde (films)",
        "name": "Legolas",
        "wikiUrl": "http://lotr.wikia.com//wiki/Legolas",
        "imgUrl": "https://i2.wp.com/middle-earth.xenite.org/files/2015/10/cute-legolas.jpg?fit=555%2C400&ssl=1"
    },
    {
        "_id": "5cd99d4bde30eff6ebccfd0d",
        "height": "1.22m (4'0\")",
        "race": "Hobbit",
        "gender": "Male",
        "birth": "April 6 ,2980",
        "spouse": "Rosie Cotton",
        "death": "Still alive, after going to the ,Undying Lands, in ,FO 61",
        "realm": "",
        "hair": "Blond (movie)",
        "name": "Samwise Gamgee",
        "wikiUrl": "http://lotr.wikia.com//wiki/Samwise_Gamgee",
        "imgUrl": "https://www.frontporchrepublic.com/wp-content/uploads/2011/05/Samwise-Gamgee.jpg"
    },
    {
        "_id": "5cdbdecb6dc0baeae48cfa59",
        "death": "FO",
        "birth": "TA 2995",
        "hair": "Pale gold",
        "realm": "NaN",
        "height": "Tall",
        "spouse": "Faramir",
        "gender": "Female",
        "name": "Éowyn",
        "race": "Men",
        "wikiUrl": "http://lotr.wikia.com//wiki/%C3%89owyn",
        "imgUrl": "https://static.wikia.nocookie.net/middle-earth-film-saga/images/3/39/Eowyn.png/revision/latest?cb=20160207023645"
    }
]